Date,ProShares Name,Ticker,NAV,Prior NAV,NAV Change (%),NAV Change ($),Shares Outstanding (000),Assets Under Management
03/15/2019,ProShares UltraShort MSCI Emerging Markets,EEV,42.06,43.31,-2.88617,-1.25,438.77,18454708.26
03/14/2019,ProShares UltraShort MSCI Emerging Markets,EEV,43.31,42.84,1.09711,0.47,438.77,19003172.01
03/13/2019,ProShares UltraShort MSCI Emerging Markets,EEV,42.84,42.94,-0.23288,-0.1,438.77,18796949.64
03/12/2019,ProShares UltraShort MSCI Emerging Markets,EEV,42.94,43.38,-1.01429,-0.44,438.77,18840826.74
03/11/2019,ProShares UltraShort MSCI Emerging Markets,EEV,43.38,45.07,-3.74972,-1.69,413.77,17949385.98
03/08/2019,ProShares UltraShort MSCI Emerging Markets,EEV,45.07,44.42,1.46330,0.65,413.77,18648658.97
03/07/2019,ProShares UltraShort MSCI Emerging Markets,EEV,44.42,42.83,3.71235,1.59,413.77,18379707.82
03/06/2019,ProShares UltraShort MSCI Emerging Markets,EEV,42.83,42.36,1.10954,0.47,438.77,18792561.93
03/05/2019,ProShares UltraShort MSCI Emerging Markets,EEV,42.36,43.21,-1.96714,-0.85,438.77,18586339.56
03/04/2019,ProShares UltraShort MSCI Emerging Markets,EEV,43.21,43.33,-0.27694,-0.12,438.77,18959294.91
03/01/2019,ProShares UltraShort MSCI Emerging Markets,EEV,43.33,43.42,-0.20728,-0.09,438.77,19011947.43
02/28/2019,ProShares UltraShort MSCI Emerging Markets,EEV,43.42,42.31,2.62349,1.11,438.77,19051436.82
02/27/2019,ProShares UltraShort MSCI Emerging Markets,EEV,42.31,41.6,1.70673,0.71,438.77,18564401.01
02/26/2019,ProShares UltraShort MSCI Emerging Markets,EEV,41.6,41.31,0.70201,0.29,438.77,18252873.6
02/25/2019,ProShares UltraShort MSCI Emerging Markets,EEV,41.31,42.25,-2.22485,-0.94,438.77,18125630.01
02/22/2019,ProShares UltraShort MSCI Emerging Markets,EEV,42.25,43.2,-2.19907,-0.95,438.77,18538074.75
02/21/2019,ProShares UltraShort MSCI Emerging Markets,EEV,43.2,43.01,0.44176,0.19,438.77,18954907.2
02/20/2019,ProShares UltraShort MSCI Emerging Markets,EEV,43.01,43.5,-1.12644,-0.49,438.77,18871540.71
02/19/2019,ProShares UltraShort MSCI Emerging Markets,EEV,43.5,44.19,-1.56144,-0.69,413.77,17999038.5
02/15/2019,ProShares UltraShort MSCI Emerging Markets,EEV,44.19,44.05,0.31782,0.14,413.77,18284540.49
02/14/2019,ProShares UltraShort MSCI Emerging Markets,EEV,44.05,44.21,-0.36191,-0.16,413.77,18226612.55
02/13/2019,ProShares UltraShort MSCI Emerging Markets,EEV,44.21,43.59,1.42234,0.62,413.77,18292815.91
02/12/2019,ProShares UltraShort MSCI Emerging Markets,EEV,43.59,44.32,-1.64711,-0.73,463.77,20215777.89
02/11/2019,ProShares UltraShort MSCI Emerging Markets,EEV,44.32,44.02,0.68151,0.3,463.77,20554330.72
02/08/2019,ProShares UltraShort MSCI Emerging Markets,EEV,44.02,43.52,1.14890,0.5,463.77,20415199.42
02/07/2019,ProShares UltraShort MSCI Emerging Markets,EEV,43.52,42.65,2.03986,0.87,463.77,20183313.92
02/06/2019,ProShares UltraShort MSCI Emerging Markets,EEV,42.65,41.52,2.72158,1.13,463.77,19779833.15
02/05/2019,ProShares UltraShort MSCI Emerging Markets,EEV,41.52,42.69,-2.74069,-1.17,463.77,19255771.92
02/04/2019,ProShares UltraShort MSCI Emerging Markets,EEV,42.69,42.83,-0.32687,-0.14,413.77,17663883.99
02/01/2019,ProShares UltraShort MSCI Emerging Markets,EEV,42.83,42.15,1.61329,0.68,413.77,17721811.93
01/31/2019,ProShares UltraShort MSCI Emerging Markets,EEV,42.15,42.87,-1.67950,-0.72,413.77,17440447.65
01/30/2019,ProShares UltraShort MSCI Emerging Markets,EEV,42.87,44.82,-4.35074,-1.95,413.77,17738362.77
01/29/2019,ProShares UltraShort MSCI Emerging Markets,EEV,44.82,44.97,-0.33356,-0.15,463.77,20786216.22
01/28/2019,ProShares UltraShort MSCI Emerging Markets,EEV,44.97,44.04,2.11172,0.93,463.77,20855781.87
01/25/2019,ProShares UltraShort MSCI Emerging Markets,EEV,44.04,45.23,-2.63100,-1.19,463.77,20424474.84
01/24/2019,ProShares UltraShort MSCI Emerging Markets,EEV,45.23,46.12,-1.92975,-0.89,463.77,20976362.33
01/23/2019,ProShares UltraShort MSCI Emerging Markets,EEV,46.12,47.09,-2.05989,-0.97,463.77,21389118.52
01/22/2019,ProShares UltraShort MSCI Emerging Markets,EEV,47.09,45.5,3.49451,1.59,463.77,21838976.39
01/18/2019,ProShares UltraShort MSCI Emerging Markets,EEV,45.5,45.94,-0.95777,-0.44,463.77,21101580.5
01/17/2019,ProShares UltraShort MSCI Emerging Markets,EEV,45.94,46.33,-0.84179,-0.39,463.77,21305639.74
01/16/2019,ProShares UltraShort MSCI Emerging Markets,EEV,46.33,47.49,-2.44262,-1.16,463.77,21486510.43
01/15/2019,ProShares UltraShort MSCI Emerging Markets,EEV,47.49,48.16,-1.39120,-0.67,463.77,22024484.79
01/14/2019,ProShares UltraShort MSCI Emerging Markets,EEV,48.16,47.36,1.68919,0.8,463.77,22335211.36
01/11/2019,ProShares UltraShort MSCI Emerging Markets,EEV,47.36,46.89,1.00235,0.47,463.77,21964194.56
01/10/2019,ProShares UltraShort MSCI Emerging Markets,EEV,46.89,47.56,-1.40875,-0.67,463.77,21746222.19
01/09/2019,ProShares UltraShort MSCI Emerging Markets,EEV,47.56,49.31,-3.54898,-1.75,463.77,22056948.76
01/08/2019,ProShares UltraShort MSCI Emerging Markets,EEV,49.31,49.68,-0.74477,-0.37,513.77,25334048.01
01/07/2019,ProShares UltraShort MSCI Emerging Markets,EEV,49.68,49.9,-0.44088,-0.22,513.77,25524143.28
01/04/2019,ProShares UltraShort MSCI Emerging Markets,EEV,49.9,53.34,-6.44919,-3.44,513.77,25637172.9
01/03/2019,ProShares UltraShort MSCI Emerging Markets,EEV,53.34,51.46,3.65332,1.88,513.77,27404545.14
01/02/2019,ProShares UltraShort MSCI Emerging Markets,EEV,51.46,51.71,-0.48347,-0.25,513.77,26438655.66
12/31/2018,ProShares UltraShort MSCI Emerging Markets,EEV,51.71,51.24,0.91725,0.47,513.77,26567098.41
12/28/2018,ProShares UltraShort MSCI Emerging Markets,EEV,51.24,52.22,-1.87668,-0.98,513.77,26325626.04
12/27/2018,ProShares UltraShort MSCI Emerging Markets,EEV,52.22,52.07,0.28807,0.15,513.77,26829121.62
12/26/2018,ProShares UltraShort MSCI Emerging Markets,EEV,52.07,54.35,-4.19503,-2.28,513.77,26752055.97
12/24/2018,ProShares UltraShort MSCI Emerging Markets,EEV,54.35,53.34,1.89351,1.01,513.77,27923453.85
12/21/2018,ProShares UltraShort MSCI Emerging Markets,EEV,53.34,52.6,1.40684,0.74,513.77,27404545.14
12/20/2018,ProShares UltraShort MSCI Emerging Markets,EEV,52.6,53.42,-1.53501,-0.82,513.77,27024354.6
12/19/2018,ProShares UltraShort MSCI Emerging Markets,EEV,53.42,51.7,3.32689,1.72,513.77,27445646.82
12/18/2018,ProShares UltraShort MSCI Emerging Markets,EEV,51.7,52.41,-1.35470,-0.71,513.77,26561960.7
12/17/2018,ProShares UltraShort MSCI Emerging Markets,EEV,52.41,51.45,1.86589,0.96,513.77,26926738.11
12/14/2018,ProShares UltraShort MSCI Emerging Markets,EEV,51.45,50.04,2.81775,1.41,513.77,26433517.95
12/13/2018,ProShares UltraShort MSCI Emerging Markets,EEV,50.04,50,0.08000,0.04,513.77,25709100.84
12/12/2018,ProShares UltraShort MSCI Emerging Markets,EEV,50,51.69,-3.26949,-1.69,463.77,23188550
12/11/2018,ProShares UltraShort MSCI Emerging Markets,EEV,51.69,52.48,-1.50534,-0.79,463.77,23972322.99
12/10/2018,ProShares UltraShort MSCI Emerging Markets,EEV,52.48,51.39,2.12104,1.09,463.77,24338702.08
12/07/2018,ProShares UltraShort MSCI Emerging Markets,EEV,51.39,49.53,3.75530,1.86,463.77,23833191.69
12/06/2018,ProShares UltraShort MSCI Emerging Markets,EEV,49.53,48.62,1.87166,0.91,463.77,22970577.63
12/04/2018,ProShares UltraShort MSCI Emerging Markets,EEV,48.62,46.64,4.24528,1.98,463.77,22548546.02
12/03/2018,ProShares UltraShort MSCI Emerging Markets,EEV,46.64,48.6,-4.03292,-1.96,413.77,19298279.44
11/30/2018,ProShares UltraShort MSCI Emerging Markets,EEV,48.6,48.5,0.20619,0.1,413.77,20109270.6
11/29/2018,ProShares UltraShort MSCI Emerging Markets,EEV,48.5,47.66,1.76248,0.84,413.77,20067893.5
11/28/2018,ProShares UltraShort MSCI Emerging Markets,EEV,47.66,50.06,-4.79425,-2.4,413.77,19720325.86
11/27/2018,ProShares UltraShort MSCI Emerging Markets,EEV,50.06,50.76,-1.37904,-0.7,463.77,23216376.26
11/26/2018,ProShares UltraShort MSCI Emerging Markets,EEV,50.76,52.03,-2.44090,-1.27,463.77,23541015.96
11/23/2018,ProShares UltraShort MSCI Emerging Markets,EEV,52.03,50.84,2.34068,1.19,463.77,24130005.13
11/21/2018,ProShares UltraShort MSCI Emerging Markets,EEV,50.84,52.78,-3.67563,-1.94,463.77,23578117.64
11/20/2018,ProShares UltraShort MSCI Emerging Markets,EEV,52.78,50.59,4.32892,2.19,463.77,24477833.38
11/19/2018,ProShares UltraShort MSCI Emerging Markets,EEV,50.59,49.26,2.69996,1.33,463.77,23462174.89
11/16/2018,ProShares UltraShort MSCI Emerging Markets,EEV,49.26,49.45,-0.38423,-0.19,463.77,22845359.46
11/15/2018,ProShares UltraShort MSCI Emerging Markets,EEV,49.45,51.75,-4.44444,-2.3,463.77,22933475.95
11/14/2018,ProShares UltraShort MSCI Emerging Markets,EEV,51.75,52.38,-1.20275,-0.63,463.77,24000149.25
11/13/2018,ProShares UltraShort MSCI Emerging Markets,EEV,52.38,53.6,-2.27612,-1.22,463.77,24292324.98
11/12/2018,ProShares UltraShort MSCI Emerging Markets,EEV,53.6,52.14,2.80015,1.46,463.77,24858125.6
11/09/2018,ProShares UltraShort MSCI Emerging Markets,EEV,52.14,50.27,3.71991,1.87,463.77,24181019.94
11/08/2018,ProShares UltraShort MSCI Emerging Markets,EEV,50.27,47.79,5.18937,2.48,463.77,23313768.17
11/07/2018,ProShares UltraShort MSCI Emerging Markets,EEV,47.79,49.66,-3.76561,-1.87,463.77,22163616.09
11/06/2018,ProShares UltraShort MSCI Emerging Markets,EEV,49.66,49.49,0.34350,0.17,463.77,23030867.86
11/05/2018,ProShares UltraShort MSCI Emerging Markets,EEV,49.49,49.75,-0.52261,-0.26,463.77,22952026.79
11/02/2018,ProShares UltraShort MSCI Emerging Markets,EEV,49.75,50.39,-1.27009,-0.64,463.77,23072607.25
11/01/2018,ProShares UltraShort MSCI Emerging Markets,EEV,50.39,54.25,-7.11521,-3.86,463.77,23369420.69
10/31/2018,ProShares UltraShort MSCI Emerging Markets,EEV,54.25,55.45,-2.16411,-1.2,463.77,25159576.75
10/30/2018,ProShares UltraShort MSCI Emerging Markets,EEV,55.45,57.7,-3.89948,-2.25,463.77,25716101.95
10/29/2018,ProShares UltraShort MSCI Emerging Markets,EEV,57.7,55.76,3.47920,1.94,463.77,26759586.7
10/26/2018,ProShares UltraShort MSCI Emerging Markets,EEV,55.76,54.5,2.31193,1.26,463.77,25859870.96
10/25/2018,ProShares UltraShort MSCI Emerging Markets,EEV,54.5,56.67,-3.82919,-2.17,463.77,25275519.5
10/24/2018,ProShares UltraShort MSCI Emerging Markets,EEV,56.67,53.24,6.44252,3.43,513.77,29115402.57
10/23/2018,ProShares UltraShort MSCI Emerging Markets,EEV,53.24,52.09,2.20772,1.15,513.77,27353168.04
10/22/2018,ProShares UltraShort MSCI Emerging Markets,EEV,52.09,53.24,-2.16003,-1.15,513.77,26762331.39
10/19/2018,ProShares UltraShort MSCI Emerging Markets,EEV,53.24,54.26,-1.87984,-1.02,513.77,27353168.04
10/18/2018,ProShares UltraShort MSCI Emerging Markets,EEV,54.26,51.53,5.29788,2.73,513.77,27877214.46
10/17/2018,ProShares UltraShort MSCI Emerging Markets,EEV,51.53,50.29,2.46570,1.24,513.77,26474619.63
10/16/2018,ProShares UltraShort MSCI Emerging Markets,EEV,50.29,52.94,-5.00567,-2.65,513.77,25837543.59
10/15/2018,ProShares UltraShort MSCI Emerging Markets,EEV,52.94,51.83,2.14162,1.11,513.77,27199036.74
10/12/2018,ProShares UltraShort MSCI Emerging Markets,EEV,51.83,55.04,-5.83212,-3.21,513.77,26628750.93
10/11/2018,ProShares UltraShort MSCI Emerging Markets,EEV,55.04,53.94,2.03930,1.1,513.77,28277955.84
10/10/2018,ProShares UltraShort MSCI Emerging Markets,EEV,53.94,50.92,5.93087,3.02,513.77,27712807.74
10/09/2018,ProShares UltraShort MSCI Emerging Markets,EEV,50.92,50.55,0.73195,0.37,513.77,26161219.32
10/08/2018,ProShares UltraShort MSCI Emerging Markets,EEV,50.55,50.69,-0.27619,-0.14,513.77,25971124.05
10/05/2018,ProShares UltraShort MSCI Emerging Markets,EEV,50.69,50.32,0.73529,0.37,563.77,28577551.99
10/04/2018,ProShares UltraShort MSCI Emerging Markets,EEV,50.32,47.91,5.03027,2.41,563.77,28368956.72
10/03/2018,ProShares UltraShort MSCI Emerging Markets,EEV,47.91,47.13,1.65500,0.78,563.77,27010268.61
10/02/2018,ProShares UltraShort MSCI Emerging Markets,EEV,47.13,45.96,2.54569,1.17,563.77,26570527.23
10/01/2018,ProShares UltraShort MSCI Emerging Markets,EEV,45.96,45.98,-0.04350,-0.02,563.77,25910915.16
09/28/2018,ProShares UltraShort MSCI Emerging Markets,EEV,45.98,45.36,1.36684,0.62,563.77,25922190.58
09/27/2018,ProShares UltraShort MSCI Emerging Markets,EEV,45.36,45.81,-0.98232,-0.45,563.77,25572652.56
09/26/2018,ProShares UltraShort MSCI Emerging Markets,EEV,45.81,46.07,-0.56436,-0.26,463.77,21245349.51
09/25/2018,ProShares UltraShort MSCI Emerging Markets,EEV,46.07,46.44,-0.79673,-0.37,463.77,21365929.97
09/24/2018,ProShares UltraShort MSCI Emerging Markets,EEV,46.44,45.4,2.29075,1.04,463.77,21537525.24
09/21/2018,ProShares UltraShort MSCI Emerging Markets,EEV,45.4,45.82,-0.91663,-0.42,463.77,21055203.4
09/20/2018,ProShares UltraShort MSCI Emerging Markets,EEV,45.82,46.85,-2.19851,-1.03,463.77,21249987.22
09/19/2018,ProShares UltraShort MSCI Emerging Markets,EEV,46.85,48.18,-2.76048,-1.33,463.77,21727671.35
09/18/2018,ProShares UltraShort MSCI Emerging Markets,EEV,48.18,49.13,-1.93365,-0.95,463.77,22344486.78
09/17/2018,ProShares UltraShort MSCI Emerging Markets,EEV,49.13,48.25,1.82383,0.88,463.77,22785069.23
09/14/2018,ProShares UltraShort MSCI Emerging Markets,EEV,48.25,48.15,0.20768,0.1,463.77,22376950.75
09/13/2018,ProShares UltraShort MSCI Emerging Markets,EEV,48.15,49.48,-2.68795,-1.33,513.77,24738073.65
09/12/2018,ProShares UltraShort MSCI Emerging Markets,EEV,49.48,49.99,-1.02020,-0.51,513.77,25421389.08
09/11/2018,ProShares UltraShort MSCI Emerging Markets,EEV,49.99,50.2,-0.41833,-0.21,513.77,25683412.29
09/10/2018,ProShares UltraShort MSCI Emerging Markets,EEV,50.2,49.23,1.97034,0.97,513.77,25791304.2
09/07/2018,ProShares UltraShort MSCI Emerging Markets,EEV,49.23,48.74,1.00533,0.49,513.77,25292946.33
09/06/2018,ProShares UltraShort MSCI Emerging Markets,EEV,48.74,48.83,-0.18431,-0.09,513.77,25041198.54
09/05/2018,ProShares UltraShort MSCI Emerging Markets,EEV,48.83,47.45,2.90832,1.38,463.77,22645937.93
09/04/2018,ProShares UltraShort MSCI Emerging Markets,EEV,47.45,45.68,3.87478,1.77,463.77,22005933.95
08/31/2018,ProShares UltraShort MSCI Emerging Markets,EEV,45.68,46.14,-0.99697,-0.46,463.77,21185059.28
08/30/2018,ProShares UltraShort MSCI Emerging Markets,EEV,46.14,43.85,5.22235,2.29,463.77,21398393.94
08/29/2018,ProShares UltraShort MSCI Emerging Markets,EEV,43.85,44.4,-1.23874,-0.55,463.77,20336358.35
08/28/2018,ProShares UltraShort MSCI Emerging Markets,EEV,44.4,44.07,0.74881,0.33,463.77,20591432.4
08/27/2018,ProShares UltraShort MSCI Emerging Markets,EEV,44.07,45.37,-2.86533,-1.3,463.77,20438387.97
08/24/2018,ProShares UltraShort MSCI Emerging Markets,EEV,45.37,47.12,-3.71392,-1.75,463.77,21041290.27
08/23/2018,ProShares UltraShort MSCI Emerging Markets,EEV,47.12,45.63,3.26540,1.49,463.77,21852889.52
08/22/2018,ProShares UltraShort MSCI Emerging Markets,EEV,45.63,46.37,-1.59586,-0.74,463.77,21161870.73
08/21/2018,ProShares UltraShort MSCI Emerging Markets,EEV,46.37,47.58,-2.54309,-1.21,463.77,21505061.27
08/20/2018,ProShares UltraShort MSCI Emerging Markets,EEV,47.58,48,-0.87500,-0.42,463.77,22066224.18
08/17/2018,ProShares UltraShort MSCI Emerging Markets,EEV,48,49.03,-2.10075,-1.03,413.77,19861008
08/16/2018,ProShares UltraShort MSCI Emerging Markets,EEV,49.03,49.65,-1.24874,-0.62,413.77,20287192.13
08/15/2018,ProShares UltraShort MSCI Emerging Markets,EEV,49.65,46.95,5.75080,2.7,413.77,20543730.15
08/14/2018,ProShares UltraShort MSCI Emerging Markets,EEV,46.95,47.52,-1.19949,-0.57,413.77,19426548.45
08/13/2018,ProShares UltraShort MSCI Emerging Markets,EEV,47.52,46,3.30435,1.52,413.77,19662397.92
08/10/2018,ProShares UltraShort MSCI Emerging Markets,EEV,46,44.12,4.26111,1.88,413.77,19033466
08/09/2018,ProShares UltraShort MSCI Emerging Markets,EEV,44.12,43.85,0.61574,0.27,413.77,18255576.52
08/08/2018,ProShares UltraShort MSCI Emerging Markets,EEV,43.85,43.73,0.27441,0.12,413.77,18143858.35
08/07/2018,ProShares UltraShort MSCI Emerging Markets,EEV,43.73,44.64,-2.03853,-0.91,413.77,18094205.83
08/06/2018,ProShares UltraShort MSCI Emerging Markets,EEV,44.64,43.96,1.54686,0.68,413.77,18470737.44
08/03/2018,ProShares UltraShort MSCI Emerging Markets,EEV,43.96,44.65,-1.54535,-0.69,413.77,18189373.16
08/02/2018,ProShares UltraShort MSCI Emerging Markets,EEV,44.65,43.49,2.66728,1.16,413.77,18474875.15
08/01/2018,ProShares UltraShort MSCI Emerging Markets,EEV,43.49,42.73,1.77861,0.76,413.77,17994900.79
07/31/2018,ProShares UltraShort MSCI Emerging Markets,EEV,42.73,43.19,-1.06506,-0.46,413.77,17680434.83
07/30/2018,ProShares UltraShort MSCI Emerging Markets,EEV,43.19,43.05,0.32520,0.14,413.77,17870769.49
07/27/2018,ProShares UltraShort MSCI Emerging Markets,EEV,43.05,43.36,-0.71494,-0.31,413.77,17812841.55
07/26/2018,ProShares UltraShort MSCI Emerging Markets,EEV,43.36,42.41,2.24004,0.95,413.77,17941110.56
07/25/2018,ProShares UltraShort MSCI Emerging Markets,EEV,42.41,43.84,-3.26186,-1.43,413.77,17548028.11
07/24/2018,ProShares UltraShort MSCI Emerging Markets,EEV,43.84,45.16,-2.92294,-1.32,413.77,18139720.64
07/23/2018,ProShares UltraShort MSCI Emerging Markets,EEV,45.16,44.57,1.32376,0.59,413.77,18685898.36
07/20/2018,ProShares UltraShort MSCI Emerging Markets,EEV,44.57,45.88,-2.85527,-1.31,413.77,18441773.47
07/19/2018,ProShares UltraShort MSCI Emerging Markets,EEV,45.88,44.77,2.47934,1.11,413.77,18983813.48
07/18/2018,ProShares UltraShort MSCI Emerging Markets,EEV,44.77,44.67,0.22386,0.1,413.77,18524527.67
07/17/2018,ProShares UltraShort MSCI Emerging Markets,EEV,44.67,45.33,-1.45599,-0.66,413.77,18483150.57
07/16/2018,ProShares UltraShort MSCI Emerging Markets,EEV,45.33,44.84,1.09277,0.49,413.77,18756239.43
07/13/2018,ProShares UltraShort MSCI Emerging Markets,EEV,44.84,44.9,-0.13363,-0.06,413.77,18553491.64
07/12/2018,ProShares UltraShort MSCI Emerging Markets,EEV,44.9,46.15,-2.70856,-1.25,413.77,18578317.9
07/11/2018,ProShares UltraShort MSCI Emerging Markets,EEV,46.15,44.41,3.91804,1.74,413.77,19095531.65
07/10/2018,ProShares UltraShort MSCI Emerging Markets,EEV,44.41,44.2,0.47511,0.21,413.77,18375570.11
07/09/2018,ProShares UltraShort MSCI Emerging Markets,EEV,44.2,45.85,-3.59869,-1.65,413.77,18288678.2
07/06/2018,ProShares UltraShort MSCI Emerging Markets,EEV,45.85,47.14,-2.73653,-1.29,413.77,18971400.35
07/05/2018,ProShares UltraShort MSCI Emerging Markets,EEV,47.14,46.89,0.53316,0.25,413.77,19505164.94
07/03/2018,ProShares UltraShort MSCI Emerging Markets,EEV,46.89,46.96,-0.14906,-0.07,413.77,19401722.19
07/02/2018,ProShares UltraShort MSCI Emerging Markets,EEV,46.96,46.04,1.99826,0.92,413.77,19430686.16
06/29/2018,ProShares UltraShort MSCI Emerging Markets,EEV,46.04,47.47,-3.01243,-1.43,413.77,19050016.84
06/28/2018,ProShares UltraShort MSCI Emerging Markets,EEV,47.47,48.28,-1.67771,-0.81,413.77,19641709.37
06/27/2018,ProShares UltraShort MSCI Emerging Markets,EEV,48.28,46.49,3.85029,1.79,413.77,19976863.88
06/26/2018,ProShares UltraShort MSCI Emerging Markets,EEV,46.49,46.13,0.78040,0.36,413.77,19236213.79
06/25/2018,ProShares UltraShort MSCI Emerging Markets,EEV,46.13,44.92,2.69368,1.21,413.77,19087256.23
06/22/2018,ProShares UltraShort MSCI Emerging Markets,EEV,44.92,45.87,-2.07107,-0.95,413.77,18586593.32
06/21/2018,ProShares UltraShort MSCI Emerging Markets,EEV,45.87,44.61,2.82448,1.26,413.77,18979675.77
06/20/2018,ProShares UltraShort MSCI Emerging Markets,EEV,44.61,45,-0.86667,-0.39,413.77,18458324.31
06/19/2018,ProShares UltraShort MSCI Emerging Markets,EEV,45,44.02,2.22626,0.98,413.77,18619695
06/18/2018,ProShares UltraShort MSCI Emerging Markets,EEV,44.02,42.97,2.44357,1.05,413.77,18214199.42
06/15/2018,ProShares UltraShort MSCI Emerging Markets,EEV,42.97,42.3,1.58392,0.67,413.77,17779739.87
06/14/2018,ProShares UltraShort MSCI Emerging Markets,EEV,42.3,41.73,1.36592,0.57,413.77,17502513.3
06/13/2018,ProShares UltraShort MSCI Emerging Markets,EEV,41.73,41.18,1.33560,0.55,413.77,17266663.83
06/12/2018,ProShares UltraShort MSCI Emerging Markets,EEV,41.18,40.97,0.51257,0.21,413.77,17039089.78
06/11/2018,ProShares UltraShort MSCI Emerging Markets,EEV,40.97,40.96,0.02441,0.01,413.77,16952197.87
06/08/2018,ProShares UltraShort MSCI Emerging Markets,EEV,40.96,40.8,0.39216,0.16,363.77,14900060.16
06/07/2018,ProShares UltraShort MSCI Emerging Markets,EEV,40.8,39.59,3.05633,1.21,363.77,14841856.8
06/06/2018,ProShares UltraShort MSCI Emerging Markets,EEV,39.59,40.81,-2.98946,-1.22,363.77,14401693.89
06/05/2018,ProShares UltraShort MSCI Emerging Markets,EEV,40.81,40.2,1.51741,0.61,363.77,14845494.51
06/04/2018,ProShares UltraShort MSCI Emerging Markets,EEV,40.2,41.03,-2.02291,-0.83,363.77,14623594.2
06/01/2018,ProShares UltraShort MSCI Emerging Markets,EEV,41.03,42.2,-2.77251,-1.17,363.95,14932819.264
05/31/2018,ProShares UltraShort MSCI Emerging Markets,EEV,42.2,42.16,0.09488,0.04,363.95,15358639.36
05/30/2018,ProShares UltraShort MSCI Emerging Markets,EEV,42.16,42.84,-1.58730,-0.68,363.95,15344081.408
05/29/2018,ProShares UltraShort MSCI Emerging Markets,EEV,42.84,40.93,4.66650,1.91,363.95,15591566.592
05/25/2018,ProShares UltraShort MSCI Emerging Markets,EEV,40.93,41.26,-0.79981,-0.33,363.95,14896424.384
05/24/2018,ProShares UltraShort MSCI Emerging Markets,EEV,41.26,40.8,1.12745,0.46,363.95,15016527.488
05/23/2018,ProShares UltraShort MSCI Emerging Markets,EEV,40.8,40.8,0.00000,0,363.95,14849111.04
05/22/2018,ProShares UltraShort MSCI Emerging Markets,EEV,40.8,41.05,-0.60901,-0.25,363.95,14849111.04
05/21/2018,ProShares UltraShort MSCI Emerging Markets,EEV,41.05,41.55,-1.20337,-0.5,363.95,14940098.24
05/18/2018,ProShares UltraShort MSCI Emerging Markets,EEV,41.55,40.9,1.58924,0.65,363.95,15122072.64
05/17/2018,ProShares UltraShort MSCI Emerging Markets,EEV,40.9,39.65,3.15259,1.25,363.95,14885505.92
05/16/2018,ProShares UltraShort MSCI Emerging Markets,EEV,39.65,40.9,-3.05623,-1.25,363.95,14430569.92
05/15/2018,ProShares UltraShort MSCI Emerging Markets,EEV,40.9,39.3,4.07125,1.6,363.95,14885505.92
05/14/2018,ProShares UltraShort MSCI Emerging Markets,EEV,39.3,39.4,-0.25381,-0.1,363.95,14303187.84
05/11/2018,ProShares UltraShort MSCI Emerging Markets,EEV,39.4,39.25,0.38217,0.15,363.95,14339582.72
05/10/2018,ProShares UltraShort MSCI Emerging Markets,EEV,39.25,40.95,-4.15140,-1.7,373.95,14677490.4
05/09/2018,ProShares UltraShort MSCI Emerging Markets,EEV,40.95,41.1,-0.36496,-0.15,373.95,15313203.36
05/08/2018,ProShares UltraShort MSCI Emerging Markets,EEV,41.1,41.6,-1.20192,-0.5,363.95,14958295.68
05/07/2018,ProShares UltraShort MSCI Emerging Markets,EEV,41.6,41.1,1.21655,0.5,363.95,15140270.08
05/04/2018,ProShares UltraShort MSCI Emerging Markets,EEV,41.1,41.45,-0.84439,-0.35,363.95,14958295.68
05/03/2018,ProShares UltraShort MSCI Emerging Markets,EEV,41.45,41.3,0.36320,0.15,363.95,15085677.76
05/02/2018,ProShares UltraShort MSCI Emerging Markets,EEV,41.3,40.65,1.59902,0.65,363.95,15031085.44
05/01/2018,ProShares UltraShort MSCI Emerging Markets,EEV,40.65,40.25,0.99379,0.4,363.95,14794518.72
04/30/2018,ProShares UltraShort MSCI Emerging Markets,EEV,40.25,39.7,1.38539,0.55,363.95,14648939.2
04/27/2018,ProShares UltraShort MSCI Emerging Markets,EEV,39.7,40.15,-1.12080,-0.45,363.95,14448767.36
04/26/2018,ProShares UltraShort MSCI Emerging Markets,EEV,40.15,41.35,-2.90206,-1.2,363.95,14612544.32
04/25/2018,ProShares UltraShort MSCI Emerging Markets,EEV,41.35,40.75,1.47239,0.6,363.95,15049282.88
04/24/2018,ProShares UltraShort MSCI Emerging Markets,EEV,40.75,40.35,0.99133,0.4,363.95,14830913.6
04/23/2018,ProShares UltraShort MSCI Emerging Markets,EEV,40.35,39.7,1.63728,0.65,363.95,14685334.08
04/20/2018,ProShares UltraShort MSCI Emerging Markets,EEV,39.7,38.75,2.45161,0.95,363.95,14448767.36
04/19/2018,ProShares UltraShort MSCI Emerging Markets,EEV,38.75,38.3,1.17493,0.45,363.95,14103016
04/18/2018,ProShares UltraShort MSCI Emerging Markets,EEV,38.3,38.95,-1.66881,-0.65,363.95,13939239.04
04/17/2018,ProShares UltraShort MSCI Emerging Markets,EEV,38.95,39.15,-0.51086,-0.2,363.95,14175805.76
04/16/2018,ProShares UltraShort MSCI Emerging Markets,EEV,39.15,39.2,-0.12755,-0.05,363.95,14248595.52
04/13/2018,ProShares UltraShort MSCI Emerging Markets,EEV,39.2,38.45,1.95059,0.75,373.95,14658792.96
04/12/2018,ProShares UltraShort MSCI Emerging Markets,EEV,38.45,38.4,0.13021,0.05,373.95,14378331.36
04/11/2018,ProShares UltraShort MSCI Emerging Markets,EEV,38.4,38.45,-0.13004,-0.05,373.95,14359633.92
04/10/2018,ProShares UltraShort MSCI Emerging Markets,EEV,38.45,40,-3.87500,-1.55,373.95,14378331.36
04/09/2018,ProShares UltraShort MSCI Emerging Markets,EEV,40,40.1,-0.24938,-0.1,373.95,14957952
04/06/2018,ProShares UltraShort MSCI Emerging Markets,EEV,40.1,38.6,3.88601,1.5,373.95,14995346.88
04/05/2018,ProShares UltraShort MSCI Emerging Markets,EEV,38.6,38.75,-0.38710,-0.15,443.95,17136423.68
04/04/2018,ProShares UltraShort MSCI Emerging Markets,EEV,38.75,38.8,-0.12887,-0.05,443.95,17203016
04/03/2018,ProShares UltraShort MSCI Emerging Markets,EEV,38.8,39.6,-2.02020,-0.8,443.95,17225213.44
04/02/2018,ProShares UltraShort MSCI Emerging Markets,EEV,39.6,38.2,3.66492,1.4,443.95,17580372.48
03/29/2018,ProShares UltraShort MSCI Emerging Markets,EEV,38.2,39.85,-4.14053,-1.65,443.95,16958844.16
03/28/2018,ProShares UltraShort MSCI Emerging Markets,EEV,39.85,39.45,1.01394,0.4,443.95,17691359.68
03/27/2018,ProShares UltraShort MSCI Emerging Markets,EEV,39.45,38.05,3.67937,1.4,443.95,17513780.16
03/26/2018,ProShares UltraShort MSCI Emerging Markets,EEV,38.05,40.7,-6.51106,-2.65,443.95,16892251.84
03/23/2018,ProShares UltraShort MSCI Emerging Markets,EEV,40.7,39.1,4.09207,1.6,483.95,19696716.16
03/22/2018,ProShares UltraShort MSCI Emerging Markets,EEV,39.1,36.65,6.68486,2.45,483.95,18922398.08
03/21/2018,ProShares UltraShort MSCI Emerging Markets,EEV,36.65,37.1,-1.21294,-0.45,423.95,15537723.52
03/20/2018,ProShares UltraShort MSCI Emerging Markets,EEV,37.1,37.95,-2.23979,-0.85,423.95,15728500.48
03/19/2018,ProShares UltraShort MSCI Emerging Markets,EEV,37.95,37.15,2.15343,0.8,423.95,16088856.96
03/16/2018,ProShares UltraShort MSCI Emerging Markets,EEV,37.15,37,0.40541,0.15,423.95,15749697.92
03/15/2018,ProShares UltraShort MSCI Emerging Markets,EEV,37,36.7,0.81744,0.3,423.95,15686105.6
03/14/2018,ProShares UltraShort MSCI Emerging Markets,EEV,36.7,36.85,-0.40706,-0.15,463.95,17026920.96
03/13/2018,ProShares UltraShort MSCI Emerging Markets,EEV,36.85,36.2,1.79558,0.65,463.95,17096513.28
03/12/2018,ProShares UltraShort MSCI Emerging Markets,EEV,36.2,36.35,-0.41265,-0.15,463.95,16794946.56
03/09/2018,ProShares UltraShort MSCI Emerging Markets,EEV,36.35,38,-4.34211,-1.65,463.95,16864538.88
03/08/2018,ProShares UltraShort MSCI Emerging Markets,EEV,38,38,0.00000,0,463.95,17630054.4
03/07/2018,ProShares UltraShort MSCI Emerging Markets,EEV,38,38.05,-0.13141,-0.05,463.95,17630054.4
03/06/2018,ProShares UltraShort MSCI Emerging Markets,EEV,38.05,38.8,-1.93299,-0.75,463.95,17653251.84
03/05/2018,ProShares UltraShort MSCI Emerging Markets,EEV,38.8,38.9,-0.25707,-0.1,463.95,18001213.44
03/02/2018,ProShares UltraShort MSCI Emerging Markets,EEV,38.9,39.25,-0.89172,-0.35,463.95,18047608.32
03/01/2018,ProShares UltraShort MSCI Emerging Markets,EEV,39.25,39.1,0.38363,0.15,493.95,19387490.4
02/28/2018,ProShares UltraShort MSCI Emerging Markets,EEV,39.1,38,2.89474,1.1,493.95,19313398.08
02/27/2018,ProShares UltraShort MSCI Emerging Markets,EEV,38,35.9,5.84958,2.1,493.95,18770054.4
02/26/2018,ProShares UltraShort MSCI Emerging Markets,EEV,35.9,36.6,-1.91257,-0.7,483.95,17373761.92
02/23/2018,ProShares UltraShort MSCI Emerging Markets,EEV,36.6,37.95,-3.55731,-1.35,483.95,17712526.08
02/22/2018,ProShares UltraShort MSCI Emerging Markets,EEV,37.95,37.95,0.00000,0,433.95,16468356.96
02/21/2018,ProShares UltraShort MSCI Emerging Markets,EEV,37.95,37.9,0.13193,0.05,433.95,16468356.96
02/20/2018,ProShares UltraShort MSCI Emerging Markets,EEV,37.9,36.9,2.71003,1,433.95,16446659.52
02/16/2018,ProShares UltraShort MSCI Emerging Markets,EEV,36.9,36.65,0.68213,0.25,433.95,16012710.72
02/15/2018,ProShares UltraShort MSCI Emerging Markets,EEV,36.65,38.25,-4.18301,-1.6,473.95,17370223.52
02/14/2018,ProShares UltraShort MSCI Emerging Markets,EEV,38.25,40.25,-4.96894,-2,473.95,18128541.6
02/13/2018,ProShares UltraShort MSCI Emerging Markets,EEV,40.25,40.9,-1.58924,-0.65,473.95,19076439.2
02/12/2018,ProShares UltraShort MSCI Emerging Markets,EEV,40.9,42.2,-3.08057,-1.3,473.95,19384505.92
02/09/2018,ProShares UltraShort MSCI Emerging Markets,EEV,42.2,43.6,-3.21101,-1.4,473.95,20000639.36
02/08/2018,ProShares UltraShort MSCI Emerging Markets,EEV,43.6,40.75,6.99387,2.85,473.95,20664167.68
02/07/2018,ProShares UltraShort MSCI Emerging Markets,EEV,40.75,38.35,6.25815,2.4,473.95,19313413.6
02/06/2018,ProShares UltraShort MSCI Emerging Markets,EEV,38.35,41,-6.46341,-2.65,473.95,18175936.48
02/05/2018,ProShares UltraShort MSCI Emerging Markets,EEV,41,38.35,6.91004,2.65,473.95,19431900.8
02/02/2018,ProShares UltraShort MSCI Emerging Markets,EEV,38.35,36.45,5.21262,1.9,473.95,18175936.48
02/01/2018,ProShares UltraShort MSCI Emerging Markets,EEV,36.45,35.5,2.67606,0.95,473.95,17275433.76
01/31/2018,ProShares UltraShort MSCI Emerging Markets,EEV,35.5,36.15,-1.79806,-0.65,473.95,16825182.4
01/30/2018,ProShares UltraShort MSCI Emerging Markets,EEV,36.15,35.2,2.69886,0.95,473.95,17133249.12
01/29/2018,ProShares UltraShort MSCI Emerging Markets,EEV,35.2,34.15,3.07467,1.05,473.95,16682997.76
01/26/2018,ProShares UltraShort MSCI Emerging Markets,EEV,34.15,35.1,-2.70655,-0.95,473.95,16185351.52
01/25/2018,ProShares UltraShort MSCI Emerging Markets,EEV,35.1,35.05,0.14265,0.05,473.95,16635602.88
01/24/2018,ProShares UltraShort MSCI Emerging Markets,EEV,35.05,35.65,-1.68303,-0.6,473.95,16611905.44
01/23/2018,ProShares UltraShort MSCI Emerging Markets,EEV,35.65,36,-0.97222,-0.35,483.95,17252774.72
01/22/2018,ProShares UltraShort MSCI Emerging Markets,EEV,36,36.4,-1.09890,-0.4,483.95,17422156.8
01/19/2018,ProShares UltraShort MSCI Emerging Markets,EEV,36.4,37.05,-1.75439,-0.65,483.95,17615736.32
01/18/2018,ProShares UltraShort MSCI Emerging Markets,EEV,37.05,37.1,-0.13477,-0.05,483.95,17930303.04
01/17/2018,ProShares UltraShort MSCI Emerging Markets,EEV,37.1,38.1,-2.62467,-1,483.95,17954500.48
01/16/2018,ProShares UltraShort MSCI Emerging Markets,EEV,38.1,37.85,0.66050,0.25,483.95,18438449.28
01/12/2018,ProShares UltraShort MSCI Emerging Markets,EEV,37.85,38.55,-1.81582,-0.7,483.95,18317462.08
01/11/2018,ProShares UltraShort MSCI Emerging Markets,EEV,38.55,39.05,-1.28041,-0.5,483.95,18656226.24
01/10/2018,ProShares UltraShort MSCI Emerging Markets,EEV,39.05,38.55,1.29702,0.5,483.95,18898200.64
01/09/2018,ProShares UltraShort MSCI Emerging Markets,EEV,38.55,38.45,0.26008,0.1,483.95,18656226.24
01/08/2018,ProShares UltraShort MSCI Emerging Markets,EEV,38.45,38.45,0.00000,0,483.95,18607831.36
01/05/2018,ProShares UltraShort MSCI Emerging Markets,EEV,38.45,39.1,-1.66240,-0.65,483.95,18607831.36
01/04/2018,ProShares UltraShort MSCI Emerging Markets,EEV,39.1,39.5,-1.01266,-0.4,503.95,19704398.08
01/03/2018,ProShares UltraShort MSCI Emerging Markets,EEV,39.5,40.25,-1.86335,-0.75,523.95,20695977.6
01/02/2018,ProShares UltraShort MSCI Emerging Markets,EEV,40.25,41.85,-3.82318,-1.6,523.95,21088939.2
12/29/2017,ProShares UltraShort MSCI Emerging Markets,EEV,41.85,42.25,-0.94675,-0.4,453.95,18997757.28
12/28/2017,ProShares UltraShort MSCI Emerging Markets,EEV,42.25,42.85,-1.40023,-0.6,453.95,19179336.8
12/27/2017,ProShares UltraShort MSCI Emerging Markets,EEV,42.85,43.05,-0.46458,-0.2,453.95,19451706.08
12/26/2017,ProShares UltraShort MSCI Emerging Markets,EEV,43.05,43,0.11628,0.05,453.95,19542495.84
12/22/2017,ProShares UltraShort MSCI Emerging Markets,EEV,43,43.7,-1.60183,-0.7,453.95,19519798.4
12/21/2017,ProShares UltraShort MSCI Emerging Markets,EEV,43.7,44.3,-1.35440,-0.6,453.95,19837562.56
12/20/2017,ProShares UltraShort MSCI Emerging Markets,EEV,44.3,44.4,-0.22523,-0.1,453.95,20109931.84
12/19/2017,ProShares UltraShort MSCI Emerging Markets,EEV,44.4,43.95,1.02389,0.45,453.95,20155326.72
12/18/2017,ProShares UltraShort MSCI Emerging Markets,EEV,43.95,44.95,-2.22469,-1,453.95,19951049.76
12/15/2017,ProShares UltraShort MSCI Emerging Markets,EEV,44.95,45.15,-0.44297,-0.2,453.95,20404998.56
12/14/2017,ProShares UltraShort MSCI Emerging Markets,EEV,45.15,44.5,1.46067,0.65,453.95,20495788.32
12/13/2017,ProShares UltraShort MSCI Emerging Markets,EEV,44.5,45.6,-2.41228,-1.1,453.95,20200721.6
12/12/2017,ProShares UltraShort MSCI Emerging Markets,EEV,45.6,45,1.33333,0.6,453.95,20700065.28
12/11/2017,ProShares UltraShort MSCI Emerging Markets,EEV,45,45.45,-0.99010,-0.45,513.95,23127696
12/08/2017,ProShares UltraShort MSCI Emerging Markets,EEV,45.45,46.55,-2.36305,-1.1,513.95,23358972.96
12/07/2017,ProShares UltraShort MSCI Emerging Markets,EEV,46.55,46.8,-0.53419,-0.25,513.95,23924316.64
12/06/2017,ProShares UltraShort MSCI Emerging Markets,EEV,46.8,45.55,2.74424,1.25,533.95,24988803.84
12/05/2017,ProShares UltraShort MSCI Emerging Markets,EEV,45.55,45.5,0.10989,0.05,603.95,27509867.84
12/04/2017,ProShares UltraShort MSCI Emerging Markets,EEV,45.5,45.7,-0.43764,-0.2,633.95,28844670.4
12/01/2017,ProShares UltraShort MSCI Emerging Markets,EEV,45.7,45.2,1.10619,0.5,713.95,32627460.16
11/30/2017,ProShares UltraShort MSCI Emerging Markets,EEV,45.2,44.2,2.26244,1,713.95,32270485.76
11/29/2017,ProShares UltraShort MSCI Emerging Markets,EEV,44.2,42.85,3.15053,1.35,713.95,31556536.96
11/28/2017,ProShares UltraShort MSCI Emerging Markets,EEV,42.85,43.5,-1.49425,-0.65,713.95,30592706.08
11/27/2017,ProShares UltraShort MSCI Emerging Markets,EEV,43.5,42.25,2.95858,1.25,713.95,31056772.8
11/24/2017,ProShares UltraShort MSCI Emerging Markets,EEV,42.25,42.1,0.35629,0.15,713.95,30164336.8
11/22/2017,ProShares UltraShort MSCI Emerging Markets,EEV,42.1,42.3,-0.47281,-0.2,713.95,30057244.48
11/21/2017,ProShares UltraShort MSCI Emerging Markets,EEV,42.3,43.45,-2.64672,-1.15,713.95,30200034.24
11/20/2017,ProShares UltraShort MSCI Emerging Markets,EEV,43.45,43.9,-1.02506,-0.45,713.95,31021075.36
11/17/2017,ProShares UltraShort MSCI Emerging Markets,EEV,43.9,44.35,-1.01466,-0.45,713.95,31342352.32
11/16/2017,ProShares UltraShort MSCI Emerging Markets,EEV,44.35,46.25,-4.10811,-1.9,713.95,31663629.28
11/15/2017,ProShares UltraShort MSCI Emerging Markets,EEV,46.25,45.75,1.09290,0.5,713.95,33020132
11/14/2017,ProShares UltraShort MSCI Emerging Markets,EEV,45.75,45.15,1.32890,0.6,713.95,32663157.6
11/13/2017,ProShares UltraShort MSCI Emerging Markets,EEV,45.15,45,0.33333,0.15,713.95,32234788.32
11/10/2017,ProShares UltraShort MSCI Emerging Markets,EEV,45,44.6,0.89686,0.4,713.95,32127696
11/09/2017,ProShares UltraShort MSCI Emerging Markets,EEV,44.6,44.05,1.24858,0.55,713.95,31842116.48
11/08/2017,ProShares UltraShort MSCI Emerging Markets,EEV,44.05,44.45,-0.89989,-0.4,713.95,31449444.64
11/07/2017,ProShares UltraShort MSCI Emerging Markets,EEV,44.45,43.9,1.25285,0.55,713.95,31735024.16
11/06/2017,ProShares UltraShort MSCI Emerging Markets,EEV,43.9,44.9,-2.22717,-1,713.95,31342352.32
11/03/2017,ProShares UltraShort MSCI Emerging Markets,EEV,44.9,44.45,1.01237,0.45,713.95,32056301.12
11/02/2017,ProShares UltraShort MSCI Emerging Markets,EEV,44.45,44.55,-0.22447,-0.1,713.95,31735024.16
11/01/2017,ProShares UltraShort MSCI Emerging Markets,EEV,44.55,45,-1.00000,-0.45,713.95,31806419.04
10/31/2017,ProShares UltraShort MSCI Emerging Markets,EEV,45,45.9,-1.96078,-0.9,713.95,32127696
10/30/2017,ProShares UltraShort MSCI Emerging Markets,EEV,45.9,45.3,1.32450,0.6,713.95,32770249.92
10/27/2017,ProShares UltraShort MSCI Emerging Markets,EEV,45.3,46.65,-2.89389,-1.35,723.95,32794880.64
10/26/2017,ProShares UltraShort MSCI Emerging Markets,EEV,46.65,46.05,1.30293,0.6,733.95,34238711.52
10/25/2017,ProShares UltraShort MSCI Emerging Markets,EEV,46.05,45.85,0.43621,0.2,733.95,33798342.24
10/24/2017,ProShares UltraShort MSCI Emerging Markets,EEV,45.85,45.85,0.00000,0,733.95,33651552.48
10/23/2017,ProShares UltraShort MSCI Emerging Markets,EEV,45.85,45.1,1.66297,0.75,733.95,33651552.48
10/20/2017,ProShares UltraShort MSCI Emerging Markets,EEV,45.1,45.45,-0.77008,-0.35,733.95,33101090.88
10/19/2017,ProShares UltraShort MSCI Emerging Markets,EEV,45.45,44.65,1.79171,0.8,733.95,33357972.96
10/18/2017,ProShares UltraShort MSCI Emerging Markets,EEV,44.65,44.85,-0.44593,-0.2,733.95,32770813.92
10/17/2017,ProShares UltraShort MSCI Emerging Markets,EEV,44.85,44.4,1.01351,0.45,733.95,32917603.68
10/16/2017,ProShares UltraShort MSCI Emerging Markets,EEV,44.4,44.35,0.11274,0.05,723.95,32143326.72
10/13/2017,ProShares UltraShort MSCI Emerging Markets,EEV,44.35,45.15,-1.77187,-0.8,723.95,32107129.28
10/12/2017,ProShares UltraShort MSCI Emerging Markets,EEV,45.15,45.1,0.11086,0.05,723.95,32686288.32
10/11/2017,ProShares UltraShort MSCI Emerging Markets,EEV,45.1,45.55,-0.98793,-0.45,723.95,32650090.88
10/10/2017,ProShares UltraShort MSCI Emerging Markets,EEV,45.55,46.45,-1.93757,-0.9,723.95,32975867.84
10/09/2017,ProShares UltraShort MSCI Emerging Markets,EEV,46.45,46.4,0.10776,0.05,723.95,33627421.76
10/06/2017,ProShares UltraShort MSCI Emerging Markets,EEV,46.4,45.95,0.97933,0.45,723.95,33591224.32
10/05/2017,ProShares UltraShort MSCI Emerging Markets,EEV,45.95,46.6,-1.39485,-0.65,723.95,33265447.36
10/04/2017,ProShares UltraShort MSCI Emerging Markets,EEV,46.6,46.6,0.00000,0,743.95,34668014.08
10/03/2017,ProShares UltraShort MSCI Emerging Markets,EEV,46.6,48.1,-3.11850,-1.5,743.95,34668014.08
10/02/2017,ProShares UltraShort MSCI Emerging Markets,EEV,48.1,48.15,-0.10384,-0.05,743.95,35783937.28
09/29/2017,ProShares UltraShort MSCI Emerging Markets,EEV,48.15,49.25,-2.23350,-1.1,743.95,35821134.72
09/28/2017,ProShares UltraShort MSCI Emerging Markets,EEV,49.25,49.2,0.10163,0.05,723.95,35654478.4
09/27/2017,ProShares UltraShort MSCI Emerging Markets,EEV,49.2,48.85,0.71648,0.35,723.95,35618280.96
09/26/2017,ProShares UltraShort MSCI Emerging Markets,EEV,48.85,48.6,0.51440,0.25,723.95,35364898.88
09/25/2017,ProShares UltraShort MSCI Emerging Markets,EEV,48.6,47,3.40426,1.6,723.95,35183911.68
09/22/2017,ProShares UltraShort MSCI Emerging Markets,EEV,47,46.45,1.18407,0.55,723.95,34025593.6
09/21/2017,ProShares UltraShort MSCI Emerging Markets,EEV,46.45,46.45,0.00000,0,713.95,33162921.76
09/20/2017,ProShares UltraShort MSCI Emerging Markets,EEV,46.45,46,0.97826,0.45,713.95,33162921.76
09/19/2017,ProShares UltraShort MSCI Emerging Markets,EEV,46,46.2,-0.43290,-0.2,713.95,32841644.8
09/18/2017,ProShares UltraShort MSCI Emerging Markets,EEV,46.2,46.55,-0.75188,-0.35,713.95,32984434.56
09/15/2017,ProShares UltraShort MSCI Emerging Markets,EEV,46.55,47.1,-1.16773,-0.55,713.95,33234316.64
09/14/2017,ProShares UltraShort MSCI Emerging Markets,EEV,47.1,47.35,-0.52798,-0.25,763.95,35981988.48
09/13/2017,ProShares UltraShort MSCI Emerging Markets,EEV,47.35,46.85,1.06724,0.5,763.95,36172975.68
09/12/2017,ProShares UltraShort MSCI Emerging Markets,EEV,46.85,46.75,0.21390,0.1,733.95,34385501.28
09/11/2017,ProShares UltraShort MSCI Emerging Markets,EEV,46.75,48.05,-2.70552,-1.3,733.95,34312106.4
09/08/2017,ProShares UltraShort MSCI Emerging Markets,EEV,48.05,47.4,1.37131,0.65,733.95,35266239.84
09/07/2017,ProShares UltraShort MSCI Emerging Markets,EEV,47.4,48.1,-1.45530,-0.7,753.95,35737173.12
09/06/2017,ProShares UltraShort MSCI Emerging Markets,EEV,48.1,48.75,-1.33333,-0.65,733.95,35302937.28
09/05/2017,ProShares UltraShort MSCI Emerging Markets,EEV,48.75,47.5,2.63158,1.25,733.95,35780004
09/01/2017,ProShares UltraShort MSCI Emerging Markets,EEV,47.5,48.2,-1.45228,-0.7,733.95,34862568
08/31/2017,ProShares UltraShort MSCI Emerging Markets,EEV,48.2,48.35,-0.31024,-0.15,733.95,35376332.16
08/30/2017,ProShares UltraShort MSCI Emerging Markets,EEV,48.35,48.5,-0.30928,-0.15,733.95,35486424.48
08/29/2017,ProShares UltraShort MSCI Emerging Markets,EEV,48.5,48.3,0.41408,0.2,733.95,35596516.8
08/28/2017,ProShares UltraShort MSCI Emerging Markets,EEV,48.3,47.95,0.72993,0.35,733.95,35449727.04
08/25/2017,ProShares UltraShort MSCI Emerging Markets,EEV,47.95,48.55,-1.23584,-0.6,733.95,35192844.96
08/24/2017,ProShares UltraShort MSCI Emerging Markets,EEV,48.55,48.85,-0.61412,-0.3,733.95,35633214.24
08/23/2017,ProShares UltraShort MSCI Emerging Markets,EEV,48.85,49.3,-0.91278,-0.45,733.95,35853398.88
08/22/2017,ProShares UltraShort MSCI Emerging Markets,EEV,49.3,50.45,-2.27948,-1.15,733.95,36183675.84
08/21/2017,ProShares UltraShort MSCI Emerging Markets,EEV,50.45,50.8,-0.68898,-0.35,733.95,37027716.96
08/18/2017,ProShares UltraShort MSCI Emerging Markets,EEV,50.8,51.7,-1.74081,-0.9,733.95,37284599.04
08/17/2017,ProShares UltraShort MSCI Emerging Markets,EEV,51.7,50.4,2.57937,1.3,733.95,37945152.96
08/16/2017,ProShares UltraShort MSCI Emerging Markets,EEV,50.4,51.45,-2.04082,-1.05,733.95,36991019.52
08/15/2017,ProShares UltraShort MSCI Emerging Markets,EEV,51.45,51.55,-0.19399,-0.1,733.95,37761665.76
08/14/2017,ProShares UltraShort MSCI Emerging Markets,EEV,51.55,52.65,-2.08927,-1.1,733.95,37835060.64
08/11/2017,ProShares UltraShort MSCI Emerging Markets,EEV,52.65,52.9,-0.47259,-0.25,733.95,38642404.32
08/10/2017,ProShares UltraShort MSCI Emerging Markets,EEV,52.9,50.5,4.75248,2.4,733.95,38825891.52
08/09/2017,ProShares UltraShort MSCI Emerging Markets,EEV,50.5,49.6,1.81452,0.9,733.95,37064414.4
08/08/2017,ProShares UltraShort MSCI Emerging Markets,EEV,49.6,49.6,0.00000,0,763.95,37891860.48
08/07/2017,ProShares UltraShort MSCI Emerging Markets,EEV,49.6,50.3,-1.39165,-0.7,753.95,37395860.48
08/04/2017,ProShares UltraShort MSCI Emerging Markets,EEV,50.3,50.65,-0.69102,-0.35,733.95,36917624.64
08/03/2017,ProShares UltraShort MSCI Emerging Markets,EEV,50.65,50.25,0.79602,0.4,733.95,37174506.72
08/02/2017,ProShares UltraShort MSCI Emerging Markets,EEV,50.25,50.35,-0.19861,-0.1,733.95,36880927.2
08/01/2017,ProShares UltraShort MSCI Emerging Markets,EEV,50.35,50.65,-0.59230,-0.3,733.95,36954322.08
07/31/2017,ProShares UltraShort MSCI Emerging Markets,EEV,50.65,50.75,-0.19704,-0.1,733.95,37174506.72
07/28/2017,ProShares UltraShort MSCI Emerging Markets,EEV,50.75,50.7,0.09862,0.05,593.95,30142901.6
07/27/2017,ProShares UltraShort MSCI Emerging Markets,EEV,50.7,50.15,1.09671,0.55,593.95,30113204.16
07/26/2017,ProShares UltraShort MSCI Emerging Markets,EEV,50.15,51,-1.66667,-0.85,593.95,29786532.32
07/25/2017,ProShares UltraShort MSCI Emerging Markets,EEV,51,50.75,0.49261,0.25,593.95,30291388.8
07/24/2017,ProShares UltraShort MSCI Emerging Markets,EEV,50.75,51.05,-0.58766,-0.3,593.95,30142901.6
07/21/2017,ProShares UltraShort MSCI Emerging Markets,EEV,51.05,50.95,0.19627,0.1,593.95,30321086.24
07/20/2017,ProShares UltraShort MSCI Emerging Markets,EEV,50.95,50.85,0.19666,0.1,593.95,30261691.36
07/19/2017,ProShares UltraShort MSCI Emerging Markets,EEV,50.85,51.7,-1.64410,-0.85,593.95,30202296.48
07/18/2017,ProShares UltraShort MSCI Emerging Markets,EEV,51.7,52,-0.57692,-0.3,593.95,30707152.96
07/17/2017,ProShares UltraShort MSCI Emerging Markets,EEV,52,51.55,0.87294,0.45,593.95,30885337.6
07/14/2017,ProShares UltraShort MSCI Emerging Markets,EEV,51.55,52.85,-2.45979,-1.3,593.95,30618060.64
07/13/2017,ProShares UltraShort MSCI Emerging Markets,EEV,52.85,53.4,-1.02996,-0.55,593.95,31390194.08
07/12/2017,ProShares UltraShort MSCI Emerging Markets,EEV,53.4,55.55,-3.87039,-2.15,593.95,31716865.92
07/11/2017,ProShares UltraShort MSCI Emerging Markets,EEV,55.55,56.45,-1.59433,-0.9,593.95,32993855.84
07/10/2017,ProShares UltraShort MSCI Emerging Markets,EEV,56.45,57.55,-1.91138,-1.1,613.95,34657409.76
07/07/2017,ProShares UltraShort MSCI Emerging Markets,EEV,57.55,57.75,-0.34632,-0.2,613.95,35332753.44
07/06/2017,ProShares UltraShort MSCI Emerging Markets,EEV,57.75,56.4,2.39362,1.35,613.95,35455543.2
07/05/2017,ProShares UltraShort MSCI Emerging Markets,EEV,56.4,56.2,0.35587,0.2,613.95,34626712.32
07/03/2017,ProShares UltraShort MSCI Emerging Markets,EEV,56.2,56.85,-1.14336,-0.65,613.95,34503922.56
06/30/2017,ProShares UltraShort MSCI Emerging Markets,EEV,56.85,57.35,-0.87184,-0.5,613.95,34902989.28
06/29/2017,ProShares UltraShort MSCI Emerging Markets,EEV,57.35,55.95,2.50223,1.4,613.95,35209963.68
06/28/2017,ProShares UltraShort MSCI Emerging Markets,EEV,55.95,56.8,-1.49648,-0.85,613.95,34350435.36
06/27/2017,ProShares UltraShort MSCI Emerging Markets,EEV,56.8,55.5,2.34234,1.3,613.95,34872291.84
06/26/2017,ProShares UltraShort MSCI Emerging Markets,EEV,55.5,56.6,-1.94346,-1.1,613.95,34074158.4
06/23/2017,ProShares UltraShort MSCI Emerging Markets,EEV,56.6,57.2,-1.04895,-0.6,613.95,34749502.08
06/22/2017,ProShares UltraShort MSCI Emerging Markets,EEV,57.2,57.8,-1.03806,-0.6,613.95,35117871.36
06/21/2017,ProShares UltraShort MSCI Emerging Markets,EEV,57.8,58.05,-0.43066,-0.25,613.95,35486240.64
06/20/2017,ProShares UltraShort MSCI Emerging Markets,EEV,58.05,56.8,2.20070,1.25,613.95,35639727.84
06/19/2017,ProShares UltraShort MSCI Emerging Markets,EEV,56.8,57.95,-1.98447,-1.15,613.95,34872291.84
06/16/2017,ProShares UltraShort MSCI Emerging Markets,EEV,57.95,58.15,-0.34394,-0.2,613.95,35578332.96
06/15/2017,ProShares UltraShort MSCI Emerging Markets,EEV,58.15,56.95,2.10711,1.2,593.95,34538122.72
06/14/2017,ProShares UltraShort MSCI Emerging Markets,EEV,56.95,56.95,0.00000,0,593.95,33825384.16
06/13/2017,ProShares UltraShort MSCI Emerging Markets,EEV,56.95,57.5,-0.95652,-0.55,593.95,33825384.16
06/12/2017,ProShares UltraShort MSCI Emerging Markets,EEV,57.5,56.9,1.05448,0.6,553.95,31852056
06/09/2017,ProShares UltraShort MSCI Emerging Markets,EEV,56.9,56.05,1.51650,0.85,553.95,31519686.72
06/08/2017,ProShares UltraShort MSCI Emerging Markets,EEV,56.05,56.7,-1.14638,-0.65,553.95,31048830.24
06/07/2017,ProShares UltraShort MSCI Emerging Markets,EEV,56.7,56.6,0.17668,0.1,553.95,31408896.96
06/06/2017,ProShares UltraShort MSCI Emerging Markets,EEV,56.6,56.65,-0.08826,-0.05,553.95,31353502.08
06/05/2017,ProShares UltraShort MSCI Emerging Markets,EEV,56.65,56.5,0.26549,0.15,553.95,31381199.52
06/02/2017,ProShares UltraShort MSCI Emerging Markets,EEV,56.5,57.05,-0.96407,-0.55,553.95,31298107.2
06/01/2017,ProShares UltraShort MSCI Emerging Markets,EEV,57.05,58.05,-1.72265,-1,553.95,31602779.04
05/31/2017,ProShares UltraShort MSCI Emerging Markets,EEV,58.05,57.2,1.48601,0.85,553.95,32156727.84
05/30/2017,ProShares UltraShort MSCI Emerging Markets,EEV,57.2,56.6,1.06007,0.6,553.95,31685871.36
05/26/2017,ProShares UltraShort MSCI Emerging Markets,EEV,56.6,57,-0.70175,-0.4,543.95,30787502.08
05/25/2017,ProShares UltraShort MSCI Emerging Markets,EEV,57,57.55,-0.95569,-0.55,543.95,31005081.6
05/24/2017,ProShares UltraShort MSCI Emerging Markets,EEV,57.55,58,-0.77586,-0.45,543.95,31304253.44
05/23/2017,ProShares UltraShort MSCI Emerging Markets,EEV,58,58.1,-0.17212,-0.1,543.95,31549030.4
05/22/2017,ProShares UltraShort MSCI Emerging Markets,EEV,58.1,58.2,-0.17182,-0.1,543.95,31603425.28
05/19/2017,ProShares UltraShort MSCI Emerging Markets,EEV,58.2,60.8,-4.27632,-2.6,543.95,31657820.16
05/18/2017,ProShares UltraShort MSCI Emerging Markets,EEV,60.8,58.85,3.31351,1.95,573.95,34896087.04
05/17/2017,ProShares UltraShort MSCI Emerging Markets,EEV,58.85,56.9,3.42707,1.95,573.95,33776886.88
05/16/2017,ProShares UltraShort MSCI Emerging Markets,EEV,56.9,57.05,-0.26293,-0.15,573.95,32657686.72
05/15/2017,ProShares UltraShort MSCI Emerging Markets,EEV,57.05,58.2,-1.97595,-1.15,573.95,32743779.04
05/12/2017,ProShares UltraShort MSCI Emerging Markets,EEV,58.2,58.7,-0.85179,-0.5,573.95,33403820.16
05/11/2017,ProShares UltraShort MSCI Emerging Markets,EEV,58.7,58.95,-0.42409,-0.25,573.95,33690794.56
05/10/2017,ProShares UltraShort MSCI Emerging Markets,EEV,58.95,59.75,-1.33891,-0.8,573.95,33834281.76
05/09/2017,ProShares UltraShort MSCI Emerging Markets,EEV,59.75,61.3,-2.52855,-1.55,573.95,34293440.8
05/08/2017,ProShares UltraShort MSCI Emerging Markets,EEV,61.3,61.3,0.00000,0,573.95,35183061.44
05/05/2017,ProShares UltraShort MSCI Emerging Markets,EEV,61.3,62.3,-1.60514,-1,573.95,35183061.44
05/04/2017,ProShares UltraShort MSCI Emerging Markets,EEV,62.3,60.95,2.21493,1.35,573.95,35757010.24
05/03/2017,ProShares UltraShort MSCI Emerging Markets,EEV,60.95,60.15,1.33001,0.8,573.95,34982179.36
05/02/2017,ProShares UltraShort MSCI Emerging Markets,EEV,60.15,61.05,-1.47420,-0.9,573.95,34523020.32
05/01/2017,ProShares UltraShort MSCI Emerging Markets,EEV,61.05,61.75,-1.13360,-0.7,573.95,35039574.24
04/28/2017,ProShares UltraShort MSCI Emerging Markets,EEV,61.75,61.9,-0.24233,-0.15,573.95,35441338.4
04/27/2017,ProShares UltraShort MSCI Emerging Markets,EEV,61.9,61.75,0.24291,0.15,573.95,35527430.72
04/26/2017,ProShares UltraShort MSCI Emerging Markets,EEV,61.75,61.3,0.73409,0.45,573.95,35441338.4
04/25/2017,ProShares UltraShort MSCI Emerging Markets,EEV,61.3,62.4,-1.76282,-1.1,573.95,35183061.44
04/24/2017,ProShares UltraShort MSCI Emerging Markets,EEV,62.4,64.25,-2.87938,-1.85,573.95,35814405.12
04/21/2017,ProShares UltraShort MSCI Emerging Markets,EEV,64.25,64.25,0.00000,